Position_X,Position_Y,Position_Z,Orientation_X,Orientation_Y,Orientation_Z,Orientation_W
0.14732182949781417,0.39435011595487596,-0.10269870169460774,-0.052000731229782104,-0.04757990688085556,0.5476238131523132,-0.83375084400177
