Position_X,Position_Y,Position_Z,Orientation_X,Orientation_Y,Orientation_Z,Orientation_W
0.1473311713337898,0.3943642631173134,-0.10270072899758816,-0.05205173045396805,-0.04750937968492508,0.5475831031799316,-0.8337782621383667
