Force_X,Force_Y,Force_Z,Torque_X,Torque_Y,Torque_Z
2.238217989999999,2.70289348,1.2029010000000004,-0.05934985000000001,0.010384069999999999,-0.04618347
