Force_X,Force_Y,Force_Z,Torque_X,Torque_Y,Torque_Z
10.3998421,0.9332311500000001,2.880722120000001,-0.06574162,-0.26004666,0.01976841
