Force_X,Force_Y,Force_Z,Torque_X,Torque_Y,Torque_Z
3.0761387300000007,1.4041971699999996,0.45251868,-0.05252613000000002,-0.029656939999999986,-0.01289316
