Force_X,Force_Y,Force_Z,Torque_X,Torque_Y,Torque_Z
10.053110310000001,1.85876249,4.19723832,-0.04682458,-0.2622345700000001,-0.0046176299999999984
