Position_X,Position_Y,Position_Z,Orientation_X,Orientation_Y,Orientation_Z,Orientation_W
0.5095939403772354,0.9047879546880722,0.4852970334887505,-0.00010899678542045876,0.0002106190289487131,-0.0005070468664052897,-0.9999998962879181
