Force_X,Force_Y,Force_Z,Torque_X,Torque_Y,Torque_Z
10.909305910000002,1.4031242699999995,3.4642199799999998,-0.023201830000000007,-0.27826040999999985,-0.021797439999999998
