Force_X,Force_Y,Force_Z,Torque_X,Torque_Y,Torque_Z
2.2943739500000007,2.6630202400000003,1.4182695300000001,-0.05961865,0.01322473,-0.06142922000000001
