Force_X,Force_Y,Force_Z,Torque_X,Torque_Y,Torque_Z
2.15114017,1.7315235800000004,1.51756032,0.009653809999999999,-0.04833243,-0.07187603
