Force_X,Force_Y,Force_Z,Torque_X,Torque_Y,Torque_Z
11.150452669999998,1.49400855,2.0686635600000005,-0.08994654999999996,-0.27295798,0.045316979999999986
