Force_X,Force_Y,Force_Z,Torque_X,Torque_Y,Torque_Z
10.429138580000002,1.3026887900000006,3.3920302,-0.05091265,-0.25584068000000004,0.019680450000000002
