Force_X,Force_Y,Force_Z,Torque_X,Torque_Y,Torque_Z
3.9973575899999996,7.6098793700000025,-0.013377750000000006,-0.010489899999999998,0.00752032,-0.06043498999999998
