Force_X,Force_Y,Force_Z,Torque_X,Torque_Y,Torque_Z
3.8112297699999993,7.821590040000001,0.6240223799999999,-0.0034880500000000004,0.016375300000000002,-0.07009069999999999
