Force_X,Force_Y,Force_Z,Torque_X,Torque_Y,Torque_Z
10.798596359999998,1.6949194399999998,4.185383120000001,-0.015490310000000005,-0.27243202,0.053142879999999997
